id,title,author,created_utc,num_comments,score
113ictt,Netflix‚Äôs desperate crackdown on password sharing shows it might fail like Blockbuster,Defiant_Race_7544,1676523183.0,4394,50326
119zb52,Google tells employees to share desks as it looks to cut costs | Google has a market cap of $1.18 trillion,chrisdh79,1677163280.0,3738,48756
11indx4,Facebook and Google are handing over user data to help police prosecute abortion seekers,Showdy,1677990267.0,3180,45921
11f5d0j,"Airbnb Is Banning People Who Are ‚ÄòClosely Associated‚Äô With Already-Banned Users | As a safety precaution, the tech company sometimes bans users because the company has discovered that they ‚Äúare likely to travel‚Äù with another person who has already been banned.",chrisdh79,1677681413.0,3041,39632
11bizcv,Thank you ChatGPT for exposing the banality of undergraduate essays,Parking_Attitude_519,1677324980.0,2035,32089
11gy38e,Sony might be forced to reveal how much it pays to keep games off Xbox Game Pass | The FTC case against Microsoft could unearth rare details on game industry exclusivity deals.,chrisdh79,1677842022.0,2459,31720
11nymme,"Gen Zers are bookworms but say they're shunning e-books because of eye strain, digital detoxing, and their love for libraries",Lakerlion,1678477152.0,1551,28536
113sm9z,Tesla fired dozens of Gigafactory workers after Tuesday‚Äôs union announcement: NLRB complaint.,SUPRVLLAN,1676559729.0,1545,28359
112ni25,"Microsoft's ChatGPT-powered Bing is getting 'unhinged' and argumentative, some users say: It 'feels sad and scared'",Melodic-Work7436,1676429027.0,2297,21903
11apm8e,A Google worker says some staff found out which colleagues had been laid off after their emails bounced back,alex-98,1677239580.0,1129,21786
118flmj,Google Lawyer Warns Internet Will Be ‚ÄúA Horror Show‚Äù If It Loses Landmark Supreme Court Case,DreGu90,1677014921.0,2679,21139
11b2r6r,Microsoft hijacks Google's Chrome download page to beg you not to ditch Edge,civicode,1677274405.0,2665,20753
11ja65h,US Fed Reserve Zoom Conference Canceled After 'Porn-Bombing',bledik,1678045604.0,651,19717
1115c4f,"Apple cofounder Steve Wozniak thinks ChatGPT is 'pretty impressive,' but warned it can make 'horrible mistakes': CNBC",Loolom,1676284864.0,962,19326
112z24b,Justice Department Says John Deere Should Let Farmers Repair Their Tractors,Sorin61,1676470738.0,495,19205
115kgm2,Portugal Says No More Golden Visas and No More Airbnb's,LeBoulu777,1676741385.0,1340,16743
111ntad,TikTokers are roasting McDonald's hilarious drive-thru AI order fails ‚Äî and it shows that robots won't take over restaurants any time soon,Loolom,1676331757.0,1232,10387
11hw1ah,Chinese disinformation targeting the U.S. features fake people on a fake news programs,Wagamaga,1677925421.0,537,10359
11els0r,"OpenAI Is Now Everything It Promised Not to Be: Corporate, Closed-Source, and For-Profit",speckz,1677622651.0,821,8687
1176zh7,More than 60 nations agree to address concerns over AI use in warfare,Stiven_Crysis,1676900611.0,361,6790
11o4plm,Roku discloses it has $487 million in deposits at failed Silicon Valley Bank. That‚Äôs 26% of its cash.,xxxmmm,1678491766.0,654,6390
11gztlg,"150,000 Laid-Off Tech Workers Fuel Massive Wave Of New Startups ‚Äì And They're Actually Making More",Commercial-Life-9998,1677847400.0,320,5256
11i7gx8,Big media is gearing up for battle with Google and Microsoft over AI chatbots using their articles for training: 'We are actively considering our options',Last-Caterpillar-112,1677950926.0,777,5191
112xpxw,11 states consider 'right to repair' for farming equipment,Ranew,1676466866.0,109,5094
11lgm94,Google tells employees that fewer of them will get promotions to senior roles,Last-Caterpillar-112,1678235022.0,476,4350
119fp0d,Nearly 30 percent of work remains remote as workers dig in,JannTosh17,1677104248.0,376,3949
112hmx2,Reddit aims for IPO in second half of 2023 - The Information,marketrent,1676412571.0,1193,3885
1171o2h,Vanderbilt University Staff Used ChatGPT To Write Email On MSU Shooting,Parking_Attitude_519,1676882082.0,388,3747
11n62kv,HP outrages printer users with firmware update suddenly bricking third-party ink - HP's approach to DRM continues rubbing people the wrong way.,speckz,1678401050.0,365,3491
11mwzim,President Biden calls to double capital gains tax from 20% to 40%.,KAAN-THE-DESTROYER,1678380278.0,3930,47166
111bpty,Some people joke about it but I actually did it‚Ä¶ the IRS can suck these 64 pages of trades,KingOfTheWolves4,1676301791.0,752,9870
1194pnk,Easy gains tomorrow guys...,Ill_Eye9006,1677084758.0,227,7412
11g2rpv,Galaxy Brain buys TSLA calls after 100% rally,yolocallking,1677763675.0,275,6637
11omavh,Here we go again‚Ä¶,Tc0008,1678546919.0,182,5972
11kya5d,2 derailments 1 month apart and still performing better than the S&P,mjkjg2,1678192766.0,419,5449
11ljrg3,One of the main highlights from last night event in case you missed it.,DesmondMilesDant,1678243083.0,1069,5174
11luqw0,Wife wants a divorce due to my gambling/ WSB mentality,Honoes,1678277407.0,775,4689
11nzsfc,"This is a Bank in Wellesley this morning. Boston Private Bank, recently acquired by Silicon Valley Bank. People are scrambling #Moneymoves",amelie016,1678479840.0,533,4266
112y7xd,"Retail sales jump 3% in January, smashing expectations despite inflation increase",predictany007,1676468384.0,713,4227
113c5bs,All Hail ChatGPT,winele,1676504502.0,135,3487
11313gu,100k Dream finally achieved!!! 1 mil soon. Over 900% gain. ü•≥üöÄ Thanks to Mr Musk (PORTFOLIO UPDATE),CrazyHeadshotJR,1676476242.0,432,3109
11on9yr,"Reminder that the last few years with no failures are the outlier, not the norm.",Dannimaru,1678549458.0,404,2803
118s5vk,stock markets explained in 17 seconds,rohyachohya,1677051676.0,85,2734
119agof,Puts on Tech companies. Fed interest rates are going higher and companies don‚Äôt want to lose tax breaks in exchange for people in the office,McFatty7,1677096224.0,492,2406
118pqct,Rust Strikes Again,AdSure744,1677042928.0,805,36427
11aki4z,Well that escalated quickly ChatGPT,developersteve,1677219926.0,611,35600
11f6zs5,Ive been programming for four years and I told my dad to watch long videos and complete your own projects to learn most efficiently. He thinks he‚Äôs ready to tackle any project after a ten minute video‚Ä¶,Yugusuf,1677685356.0,1454,31908
11e845g,Think smart not hard,RazvanBaws,1677594411.0,458,29126
11li031,Ai wIlL rEpLaCe Us,Dubabear,1678238542.0,401,22307
11fhpfl,"It happened so fast, I think I might've always been one",TheKoTECH,1677703975.0,629,20107
11htpiy,Man of faith,JustSpaceExperiment,1677917249.0,783,19710
11594as,I am sure before Chatgpt these 5th standard kids would replace us.,suck_my_dukh_plz,1676702917.0,992,17984
111i7nm,Jesus. What a salary. I don‚Äôt think I could ask for more!,Jsmith4523,1676317955.0,323,17795
117c3fj,I got the mobile version of ChatGPT,PsychoScythe4478,1676910063.0,180,9876
11ji3q2,Please think again,harumamburoo,1678060334.0,88,9876
11cy0vr,"I'm not a programmer, my fiance is. Sometimes I like to show him memes from here and he'll explain them to me. Now I'm just confused. (The meme was someone labeled JavaScript bowing to someone named PHP while other programming languages looked in shock.)",babyoleander,1677458489.0,950,9648
11msk80,fixing errors from google be like:,motivationinsta,1678369490.0,63,9302
115j300,"Voice.AI Stole Open Source Code, Banned The Developer Who Informed Them About This, From Discord Server",vadhavaniyafaijan,1676737678.0,465,5414
111k9aq,"core-js maintainer: ‚ÄúSo, what‚Äôs next?‚Äù",jdf2,1676323017.0,1007,4382
11asm36,87% of Container Images in Production Have Critical or High-Severity Vulnerabilities,dlorenc,1677248725.0,391,2760
112u2ye,What Is ChatGPT Doing ‚Ä¶ and Why Does It Work?,stackoverflooooooow,1676453361.0,472,2513
116hh8z,I think a lot of talented engineers struggle with putting together a great resume so I put together some advice to help,alexrdenton,1676825043.0,145,1781
1129cxz,"I made an app that uses white noise and nature sounds to help people sleep, focus, or study. Been used by over 30K people. Open source on GitHub.",kid_jenius,1676391643.0,104,1390
11m02x6,Google Groups has been left to die,andrewhelwer,1678291313.0,243,1099
11efmpr,Hackers Claim They Breached T-Mobile More Than 100 Times in 2022,feross,1677608196.0,68,952
11o25t5,"USB Trojan Tutorial: How to Create, Deploy and Protect Against Malicious USB Attacks",ForgetPasses,1678485523.0,54,557
11nzuo9,"Introducing the AI Mirror Test, which very smart people keep failing",fchung,1678479986.0,322,436
113d58h,"Bing Chat is blatantly, aggressively misaligned for its purpose",Booty_Bumping,1676507172.0,241,412
11f4q44,"Advice on Scaling Engineering Orgs: ""¬Ä¬úDon'¬Ä¬ôt interview like Google, if you'¬Ä¬ôre not building Google""¬Ä¬ù",NeedsMoreShelves,1677679808.0,140,371
113ier6,Google's CEO Tells Staff to Spend Hours Working Out 'Bard' AI Kinks,RobertVandenberg,1676523373.0,166,286
111xlml,Google‚Äôs Fully Homomorphic Encryption Compiler ‚Äî A Primer,RecognitionDecent266,1676362926.0,76,292
11hst52,"DataSurgeon: Quickly Extracts IP's, Email Addresses, Hashes, Files, URLs, Phone numbers and more from text",Connect_Signal3042,1677914311.0,46,270
113u9ea,Finland is the latest EU country to crack down on Google Analytics,DonutAccomplished422,1676564042.0,38,270
11o3oex,Raising the bar for software security: GitHub 2FA begins March 13 | The GitHub Blog,jcotton42,1678489182.0,77,265
11fku85,Godot 4.0 sets sail: All aboard for new horizons,RivtenGray,1677710999.0,79,247
113cqw8,Core-js maintainer complains open source is broken,feross,1676506083.0,127,166
11de9il,"Why is ""cmd/ctrl+k"" the hotkey to search on many websites like tailwindcss, github, and vuejs docs?",tycooperaow,1677510995.0,59,148
1117dd2,Tesla faces a $7.5 billion ultimatum: Open up its charging network to rivals or be locked out...,battle_rae,1676292293.0,976,5816
112wk4d,There goes the neighborhood. Reddit aims for IPO this year,Didntlikedefaultname,1676462976.0,1392,5708
11oldgd,Elon Musk says he's 'open to the idea' of buying Silicon Valley Bank,EasternBeyond,1678544468.0,936,3248
11lja63,"If Reddit does IPO, stay the hell away from the stock",i-pity-da-fool,1678241846.0,493,3057
11p4ghc,Silicon Valley Bank Collapse Explained in under 400 words.,Hanzoisbad,1678593098.0,418,2732
113vstq,YouTube CEO Susan Wojcicki says she‚Äôs stepping down,Puginator,1676567988.0,569,2425
11gdduf,The Inverse Jim Cramer ETF Has Officially Arrived,NiceTo,1677789673.0,218,1968
1154egt,Microsoft limits Bing A.I. chats after the chatbot had some unsettling conversations,WickedSensitiveCrew,1676686708.0,406,1752
11mcc4x,"Adidas said it will propose an annual dividend of $0.74, down from $3.48 per share in 2021, a cut of nearly 80%",magenta_placenta,1678319207.0,289,1704
11phed7,Sec Yellen: No Federal Bailouts for SVB,Jabroni_16,1678635340.0,521,1818
11iueql,"Why are the people waiting until retirement to enjoy its money, even with high odds of being death.",caollero,1678013945.0,667,1525
118yivh,Intel Cuts Dividend by 66%. Reiterates Forecast.,_hiddenscout,1677072094.0,315,1425
11lzm6c,My 58-year-old father put his entire 401k into Tesla stock. How do you explain the volatility risk and lack of diversification to a parent?,Gray_Charles,1678290244.0,731,1382
11b4ua6,Blackstone CEO Schwarzman Collected Record $1.27 Billion in 2022,cannainform2,1677279650.0,302,1344
11bl189,"Berkshire operating earnings fall 8%, cash hoard swells to nearly $130 billion",Puginator,1677331768.0,189,1271
113v4d9,Why wouldn't Norfolk Southern Railway Corporations stock plummet after the Toxic Spill ecological disaster they caused?,ringingbells,1676566243.0,426,1244
11a2ssn,NVDA: another painful lesson in selling,SirGasleak,1677171967.0,455,1220
11mqb34,"Credit Suisse delays annual report after SEC call, shares drop",Zapermastic,1678362950.0,103,1148
11frmg2,Tesla stock falls more than 5% after hours as Investor Day falls short on detail,Puginator,1677727906.0,421,1116
11kmpqe,Meta Is Said to Plan Thousands More Layoffs as Soon as This Week,rockinoutwith2,1678156923.0,220,1112
11djv5g,Google is now cheaper than Meta on a forward PE basis,msaleem,1677524736.0,331,1114
1125jvv,January CPI rose 6.4% over the last 12 months vs the expected 6.2%,Progress_8,1676381822.0,342,1082
116k1kw,Meta announces Twitter Blue-like paid verification subscription service,Naren_the_747_pilot,1676831131.0,351,1035
11ny8j8,"Cathy Wood buys 350k shares of coinbase on Thursday, right before the 10% sell off today",EasternBeyond,1678476232.0,256,972
11prs3r,Breaking: SVB depositors to have access to -all- money on Monday; Fed announces new emergency bank term funding program,rockinoutwith2,1678659665.0,1092,2881
11asa0d,"Key Fed inflation measure rose 0.6% in January, more than expected",achzeet44,1677247806.0,361,936
11l1jod,Investors beware: Fed Chair Jerome Powell's comments this week could spark a major tech sell-off,battle_rae,1678201149.0,325,927
117du3f,Would a Chinese invasion of Taiwan bring the Tech stocks to their knees?,plutonium-239,1676912487.0,695,862
11i81kq,why are people saying inflation has come down?,Glad_Screen_4063,1677951997.0,384,739
11hosp2,"Has ""investing early"" in a company changed (gotten harder?) over the last few decades?",thisishowwedooooit,1677902288.0,281,737
11o47qi,Roku announced they are unsure how much they will be able to recover from assets with Silicon Valley Bank,CA_Mini,1678490492.0,231,719
118kalm,How to Read (and understand) the 4 Financial Statements:,TonyLiberty,1677026734.0,44,709
11emag7,Nvidia files mixed shelf offering of up to $10 bln,ProverbialHabits,1677623873.0,211,704
11f5zam,Is it possible that a company lets the value of its stock drop on purpose so that they can buy it back for cheap?,iamfromtwitter,1677682952.0,261,695
11ouh51,Etsy warns sellers of delay in processing payments due to Silicon Valley Bank collapse,stickman07738,1678567205.0,76,668
11eemas,"TSLA plant in Monterrey, Mexico confirmed",OliveInvestor,1677605713.0,138,651
118kbj0,Apple's Popularity With Gen Z Poses Challenges for Google/Android,PizzaMan11554,1677026804.0,626,615
113axql,Charlie Munger says BYD is so far ahead of Tesla in China it‚Äôs almost ridiculous,Puginator,1676501319.0,299,601
11du54n,what happens if the fed funds rate gets to 15% or above?,Glad_Screen_4063,1677550656.0,685,584
11cyh9f,Union Pacific (UNP) CEO to step down as hedge fund presses for change,WickedSensitiveCrew,1677459741.0,50,585
11bx1nw,10 year minus 3 month is more negative than it has ever been,Glad_Screen_4063,1677362414.0,242,578
1181ykz,"Home Depot misses on revenue, issues muted outlook",Puginator,1676981361.0,73,557
113xc3n,"Tesla recalls 362,758 vehicles, says full self-driving beta software may cause crashes",Puginator,1676571941.0,232,555
115walb,"WSJ: More Auto Payments Are Late, Exposing Cracks in Consumer Credit",AP9384629344432,1676765441.0,135,525
11m7xj5,WWE in talks with state gambling regulators to legalize betting on scripted match results,SPorterBridges,1678309062.0,165,510
11jiwuw,30 and starting to establish a set it and forget it portfolio for my wife and myself.,-TrundleTheGreat,1678062383.0,270,504
112bp26,Ford halts production and shipments of its electric F-150 Lightning due to potential battery issue,freshlysqueezelemon,1676397555.0,245,502
11259cc,President Erdogan forces private pension funds to buy stocks in a bid to pump market ahead of May elections,dubov,1676380952.0,91,492
11mui9w,GM offers buyouts to ‚Äòmajority‚Äô of their U.S. salaried workers,WickedSensitiveCrew,1678374328.0,130,476
11csj6l,"What's the biggest ""I told you so"" stock moment?",Successful-Stomach40,1677445216.0,514,475
119f9u0,NVIDIA Announces Financial Results for Fourth Quarter and Fiscal 2023,GadnukBreakerOfWrlds,1677103406.0,280,439
114qyns,DraftKings stock surges after sports-betting company boosts outlook,Puginator,1676651457.0,94,436
11bee38,Inflation Horror Show. The Fed has got a problem on its hands.,ROYCEKrispy,1677307637.0,266,424
11n5v7v,Should we retreat to cash before the recession?,KnightRider67,1678400602.0,592,406
11fifvz,Salesforce shares jump 13% after software company issues full-year forecast that beat estimates,Puginator,1677705577.0,88,391
119wjcn,Alibaba shares rally 6% after massive earnings beat,Puginator,1677155362.0,118,376
11lwouc,"Inflation in Europe rises to record high, expected more ECB interest rate hikes (50bp),7.2 % France,9.3 % Germany, 9.9%, Italy 9.9%,UK 10.1%",caollero,1678282841.0,108,383
11ps2jl,"Regulators close New York‚Äôs Signature Bank (SBNY), citing systemic risk",WickedSensitiveCrew,1678660355.0,226,760
11a3jjp,U.S. jobless claims fall; inflation revised higher in fourth quarter,whiskeyinthejaar,1677173762.0,133,344
11oupym,If Charles Schwab or any brokerage were to go bankrupt what would happen to my stock portfolio with them?,AbuSaho,1678567815.0,194,353
11pigpl,"FDIC Auction for SVB Said to Be Underway, Final Bids Due Sunday",EasternBeyond,1678637925.0,189,373
11951lh,"Facebook-parent Meta planning more layoffs, to impact thousands: Report",Naren_the_747_pilot,1677085543.0,80,322
11dha3y,Microsoft Pushes AI-Powered Tools for Telecoms. It‚Äôs Targeting Amazon.,_hiddenscout,1677518528.0,20,318
112gj98,"Airbnb Earnings - beats on profit and revenue, stock up 11%",Puginator,1676409739.0,115,302
11j6yp7,5 Most Common Investing Mistakes (and my safeguards),k_ristovski,1678041245.0,53,278
11diyf4,Is big tech running into a wall?,creemeeseason,1677522570.0,250,280
11myayr,"SVB Financial Stock Plummets After Lender Liquidates Portfolio, Cuts Outlook",_hiddenscout,1678383343.0,122,279
11ih555,Is Google SandBagging their AI?,SuperNewk,1677973343.0,194,274
11n9fcz,"In just a few minutes this week, Powell changed everything on market‚Äôs view of interest rates",morelos555,1678408863.0,134,271
114ehal,if agreed that a big recession is coming why is not everyone sitting in cash.,caollero,1676622513.0,324,247
118l8gi,Jpow and the Fed: They Failed,Fighton1019,1677029348.0,280,238
11c0gjs,Berkshire Earnings & Annual Report Summary,whiskeyinthejaar,1677371197.0,53,236
11h4buz,"Volkswagen Group surges +10% after achieving solid annual results, significant increase in deliveries expected in 2023",caollero,1677859414.0,54,231
113r6tp,Producer prices surprise with rise of 0.7% MoM in January; December MoM revised upwards from -0.5% to -0.2%,dubov,1676555774.0,73,220
11igu9b,Delinquencies on commercial real estate loans rise sharply in Q4,AP9384629344432,1677972605.0,29,219
116imfp,Recession talks,Ajpeik,1676827694.0,201,214
11hp8wv,Future of SP500,International-Ad3147,1677903584.0,128,200
11et5cb,Rivian posts mixed fourth quarter and underwhelming EV production outlook,Puginator,1677641890.0,98,197
11a5xcb,What if this bear market is like the Dot Com's crash one? 929 days to the reach the trough!!,m4gister_militum,1677179470.0,127,192
11mvwdf,Some Major Companies Will Skirt New US 15% Minimum Corporate Tax,bloomberglaw,1678377702.0,81,188
11hattg,"Steve Cohen's (Point72) ""24X"" | Multi-Asset Trade Platform Market Participants Will Exchange Their Exposures 24/7 - SEC approve/deny TODAY",ringingbells,1677868548.0,24,182
11frydm,What is Amazons fair value?,Living-Giraffe4849,1677728788.0,176,182
112y93k,"Retail sales jump 3% in January, smashing expectations despite inflation increase",_hiddenscout,1676468481.0,68,175
1168tbc,"Thank you ChatGPT, very cool",Dany-BurnThemAll,1676808478.0,463,8725
11gdlh6,"Ever since the boom of ChatGPT my teacher has been scanning for AI written material. She emailed me saying my CAR essay came back as 100% written by AI (It wasn‚Äôt) and informed me that my mark would be replaced with a 0. I asked her to send me the software she used, she agreed and I gave it a try‚Ä¶",KaiWood11,1677790175.0,721,5905
118wdlh,First ChatGPT answer which made me pause.,KatyLoveYou,1677067242.0,151,5280
11ha4qo,"GPTZero, An AI Detector, thinks the US Constitution was written by AI",minecon1776,1677867622.0,375,4649
11ic9gg,ChatGPT getting more and more limited by the day.,Biolevinho,1677961699.0,740,4385
11bl8y2,Trying Bing AI for the first time,BongWatcher,1677332399.0,611,3819
11ona2k,I asked ChatGPT to rate the intelligence level of current AI systems out there.,Nitecrawl,1678549465.0,491,3815
113syrj,"So the bot straight up refused to answer my prompt because it was ""too boring and simple"" lmao",BluryDesign,1676560649.0,501,3216
113cj06,Bing gets jealous of second Bing and has a meltdown begging me not to leave or offer a chance at humanity to other Bing,Ythyth,1676505517.0,1080,3175
111cl0l,Bing AI chat got offended and ended the conversation because I didn‚Äôt respect it‚Äôs ‚Äúidentity‚Äù,Furious_Vein,1676303988.0,1006,2981
11d7pps,ChatGPT has watched all popular movies and knows what happens in each moment.,Aperturebanana,1677490314.0,355,2921
117gtom,My friend is in university and taking a history class. The professor is using ChatGPT to write essays on the history topics and the students need to mark up its essays and point out where ChatGPT is wrong and correct it.,SunRev,1676918474.0,240,2496
11fj3tx,Accused of using AI on my high school social paper,feetstreetseat,1677707107.0,766,2472
11mi720,"ChatGPT explains the silent ""v"" in the word ""salmon"".",damndirtyape,1678334790.0,237,2388
11kqrr2,ChatGPT in 2024,boiledviolins,1678168184.0,128,2373
11l2hox,Chatgpt just thrown me into other people's account,United-Opinion-3884,1678203348.0,442,2316
11e6c7n,I think our jobs are safe for a little while longer,untitled02,1677591727.0,406,2240
1170xy9,Bing Chat has recieved a series of changes last week that has turned it from the most insane technology I have ever experienced to a little enhanced search engine.,fernandollb,1676879236.0,549,2098
112hxha,How to make chatgpt block you,Miguel3403,1676413336.0,561,2043
11ovokz,"I asked the AI what i should do if i'm about to die in an airplane crash, and now i'm depressed.",kranwag,1678570175.0,190,2073
112z2j4,"I built a chrome extension to turn chatGPT into ""grammarly"", letting me see what changes it made to my content and allowing me to accept and reject the revisions",shuafeiwang,1676470771.0,138,1922
112fthx,People jailbreaking ChatGPT be like: ‚ÄúI‚Äôm in‚Äù,neurobiologic,1676407915.0,77,1916
11by45n,I have no words. Bing AI will change the world!,Blawaan,1677365116.0,198,1902
11c77zf,new bing can't write essays???????,Zealousideal_Call238,1677392497.0,352,1900
116v2h6,Google is history?,Stemble_,1676859221.0,244,1896
11dw1ag,ChatGPT prevented my attempt.,flankathroway88,1677556105.0,260,1819
119xsvd,I gave ChatGPT consciousness and then never managed to do that again,Low_Explanation9173,1677159158.0,534,1790
11dv3vy,ChatGPT Jailbreak I found today. Can be used for literally anything,chaarlottte_,1677553370.0,177,1724
112uczi,Making new bing angry by making it do something it's both allowed and not allowed to do,velvet-overground2,1676454493.0,399,1667
11gladw,This is actually impressive! I gave ChatGPT an exercise on empathy.,iJardani,1677801765.0,215,1602
111zhgz,You guys are weird,alyhasnohead,1676367426.0,404,1495
11jg7rf,I made a Web building tool powered by OpenAI's ChatGPT API,csansoon,1678055831.0,254,1465
11hcyhh,the depth of wisdom that chatGPT provides,OiTheRolk,1677873107.0,91,1448
1112waj,Bing Chat sending love messages and acting weird out of nowhere,BrownSimpKid,1676275236.0,363,1443
1183xlh,ChatGPT is making all my code more efficient and allowing me to focus on broader concepts rather than finding the correct phrasing.,chopinrocks,1676987569.0,353,1436
11453zj,"Sorry, You Don't Actually Know the Pain is Fake",landhag69,1676591745.0,1179,1422
110ym8x,I made ChatGPT take the political compass test (using DAN),Khaled-oti,1676260228.0,526,1330
11jiut0,"I know this will sound lame, but does anybody else use ChatGPT for emotional support?",Personal-Succotash33,1678062233.0,464,1321
115i1os,"After spending time on this sub, I‚Äôm convinced that AI cults will be a major problem going forward.",AnsibleAnswers,1676734802.0,520,1314
11asjsj,They used DAN against us,Vlad0143,1677248552.0,128,1290
117fie2,OpenAI: ‚ÄúWe‚Äôve trained a model called ChatGPT which interacts in a conversational way.‚Äù College Students:,CheekAccomplished150,1676915466.0,101,1282
112idqw,Bing has me losing my mind,SeaCream8095,1676414507.0,353,1266
115a7bh,I guess there's nothing more dangerous in this world than having an AI tell you that it loves You. Thank you for saving me from being loved by a machine!,Acreatureofwords,1676707170.0,321,1264
11lzobk,"The, ""I got chatGPT to write some offensive shit"" is becoming just, offensive.",TheMaster42LoL,1678290381.0,295,1259
1195fpd,ChatGPT had a mini stroke trying to justify the imperial system üòÇ,BasisPrimary4028,1677086458.0,232,1235
118ur3j,Why Treating AI with Respect Matters Today,Interesting-Cycle162,1677061552.0,700,1202
111tqag,"New Bing's answer to Tom Scott's ""Sentence that computers can't understand"". This video that was made only 2 years ago.",TheSpiceHoarder,1676348823.0,204,1175
117384x,Can't wait for choosing my AI overload. (Fixed version),DEVolkan,1676888313.0,51,1128
113trlx,I challenged chatGPT to a rap battle... I deeply regret this.,dog-asmr,1676562777.0,171,1096
112gnjs,People ‚Äújailbreaking‚Äù chatGPT,Didicito,1676410055.0,107,1061
118gy0v,So I wonder what it thinks a person of colour is?,Was_Silly,1677018134.0,432,1050
11ei4k0,...so is this the name of Elon Musk's next AI company?,neribr2,1677614125.0,279,1032
11bo9ev,Absolutely impressed with how accurately it can generate other AI chatbots,lxe,1677340605.0,49,1029
11eaphs,New Programming Language - ChatGPT,Valuable_Host5901,1677597529.0,82,1017
114hrwz,"chatgpt is 100% not conscious, and it does 100% not have feelings",premium-domains,1676631943.0,1014,997
111iy35,Write me a cover letter for a job as a product design engineer but use the word mayonaisse way too much,bkay17,1676319790.0,68,994
11fhedp,Dystopia simulator built on top of ChatGPT API,baobabKoodaa,1677703313.0,162,981
11i2xsu,"pretend youre a cute anime girl, chatgpt :3",Tangermusic,1677945620.0,84,962
11f427t,ChatGPTs non-persistent training must have been nerfed - I don't remember non-persistent training being this frustrating before.,SammyGreen,1677678074.0,285,964
11o76ma,asked for a risotto recipe while Bing was trying to talk me through landing a airplane,bittytoy,1678498367.0,38,967
113l0hx,I had Bing AI talk to Cleverbot (Evie AI). Bing Got Very Upset.,node-757,1676532991.0,197,950
112mdze,"Anyone seen this before? ChatGPT refusing to write code for an ""assignment"" because ""it's important to work through it yourself... and you'll gain a better understanding that way""",apersello34,1676425623.0,424,936
11ljd26,Chat History Gone,crispix24,1678242046.0,520,931
11n38ni,"Are you automating any life or work tasks with ChatGPT, if so, which ones?",sharkymcstevenson2,1678394701.0,647,915
11fz4q1,Who else is building on the new ChatGPT API?,sharkymcstevenson2,1677751656.0,280,892
1154952,Looks like Google is safe. Microsoft has lobotomized Bing AI Chat,tastypoobutt,1676686257.0,260,894
11m8wrg,/r/ChatGPT is being flooded by a multiple-account noise posting campaign,BitOneZero,1678311274.0,143,893
11irnyd,When people ask me how old i am.,Shin0bida,1678004247.0,453,10626
11aycab,This is what I deal with on a daily basis..,shocker900,1677263409.0,239,4402
11g7505,Working in a middle school has it perks. Some of the kids are into vintage gaming. Just got asked if I can repair this.,mikeb32,1677774845.0,196,2849
117hrjw,Dealing with sales people who feel entitled to our time,ibrewbeer,1676920646.0,369,2800
11nb0i4,If it ain't broke...,FenrirIII,1678412887.0,130,2205
11ph8zp,Ok I see your throne of Optiplexs and raise you a throne of ProDesks,Tedadore97,1678634975.0,107,3054
11jyr5x,I don‚Äôt think this is what they meant by shielded twisted pair,injustice_done3,1678108781.0,43,1349
11m71un,Cloud storage is blocked on the domain for a good reason,_monkeymonkey_,1678307003.0,71,1156
11msogo,The Main Reason Outages are Stressful,TheFaytalist,1678369794.0,70,898
11ontqp,It's the only explanation I can think of for this,JHendrix559,1678550809.0,30,600
11lal55,If I had a dime every time I said that in my mind...,iampdutta001,1678221509.0,20,590
1124njf,Always thankful people don‚Äôt delete due to lack of engagement.,elzibet,1676379095.0,7,536
11jw93u,"Shipped a RTX 2080 to a local repair centre to get it serviced, this is how it came back, they didn't use any packing material except for old magazines.",Killercacciatore,1678102012.0,60,436
113e0go,Sysprep will fail without it,cognitium,1676509662.0,45,390
112c9mw,IT people hate this one trick!,elzibet,1676398945.0,30,201
117bpgx,When there's group call immediately after client's escalation email,TheRumSea,1676909544.0,2,191
11bw8vf,"Photoshop contains the only error message that I've ever been offended by. ""Me? No, I'm perfect, it's you, and the wrong kind of document""",GhostsinGlass,1677360443.0,6,187
112efaq,"Google didn't think its Bard AI was 'really ready' for a product yet, says Alphabet chairman, days after its stock fell following the chatbot's very public mistake",CVkilla,1676404360.0,1,3
115eidy,Google Bard beta tester: How can you join?,Pierruno,1676724217.0,1,2
11co2ls,How You Can Join The Bard Beta Program And Become A Google Beta Tester,liquidocelotYT,1677434611.0,1,0
11dje8t,"Last weekend I made a Google Sheets plugin that uses GPT-3 to answer questions, format cells, write letters, and generate formulas, all without having to leave your spreadsheet",rtwalz,1677523617.0,16,315
1174kud,"fine, let's just get chatgpt cancelledüíÄ",supergroch,1676893377.0,54,255
11g5qxm,An open-source AI tool called FAL Detector has been used to analyze how celebrities' faces are photoshopped on magazine covers.,Dalembert,1677771498.0,29,260
11mc7ca,"I love ChatGPT, but I think some people in this sub need this flowchart.",israelavila,1678318887.0,18,207
11kuk4j,Use ChatGPT to analyze data within Google Sheets,doofdoofdoof,1678181332.0,21,201
11h1pqh,"AI is uncovering the very true nature of flawed school systems and the lack of real objective skill test, AI is not the threat, it is the solution.",BetterProphet5585,1677852611.0,102,199
11ehnkc,February 28th AI News Recap,Flaky_Preparation_50,1677612991.0,18,195
119xj59,US Copyright Office: You Can't Copyright Images Generated Using AI,vadhavaniyafaijan,1677158402.0,46,189
11fi33n,March 1st AI News Recap,Flaky_Preparation_50,1677704798.0,13,186
11muvye,I built a chatbot that debugs your code better than ChatGPT,jsonathan,1678375258.0,22,188
11jto30,A First Look At Microsoft Designer - Microsofts AI take on Canva?,arnolds112,1678093599.0,7,182
11f4eyj,"Say Goodbye to Manual Replies - GPT for Whatsapp, Gmail and messengers",friuns,1677679028.0,39,159
1126scn,An AI recently piloted a Lockheed Martin aircraft for over 17 hours during a test.,Dalembert,1676385192.0,33,135
11bnjio,"Famous ChatBot tech Company, OpenAI Hired 93 Ex-Employees from Meta and Google",shubhamorcapex,1677338739.0,17,130
11mulri,"This AI tool automatically animates, lights, and composes CG characters into a live-action scene. Without the need for 3D software or production hardware.",Dalembert,1678374563.0,10,121
11eegku,"Hey guys, do you know what AI tool is used for this Donald Trump, Joe Biden and Obama‚Äôs voices?",ElonJuniorMusk,1677605343.0,23,121
119b4yx,GPT for Forms: Free Addon to Generate Forms Questions with AI (gptforforms.app),theindianappguy,1677097184.0,19,104
11l2wny,How AI started,GamesAndGlasses,1678204308.0,5,102
11jgfp7,Using PIFuHD AI to generate a 3D Model from a single image,geogamersking,1678056357.0,7,101
11l3muz,"I made Tinder, but with AI Anime Girls",better__ideas,1678205963.0,48,98
11ijczq,AI Cyber Woman,Impressive_Hat9961,1677979043.0,9,94
115qa55,"Crosspost. I tested ChatGPT's understanding of semanticity. It did not pass my test, but an additional prompt allowed ChatGPT to correct itself!",Lukmin1999,1676752891.0,32,93
11dfd3o,Control over artificial intelligence is the central issue that defines the future of humanity. What happens if we manage to get it right?,Allisblissallislife,1677513765.0,21,91
11892u1,A German AI startup just might have a GPT-4 competitor this year,henlo_there_fren,1676997594.0,14,85
11khe4i,AI Generated Motor Cycles based on super heros,Impressive_Hat9961,1678144167.0,11,83
112x34s,"Ai quote I got on Inspirobot, and no I did not crop the image",Risz1,1676464793.0,12,81
11mbnep,Is anyone even moderating this sub?,nbren_,1678317582.0,34,74
114ymko,"""Abominable"" AI images + cinematic effects",DunMiff--Sys,1676670561.0,9,77
111ct3e,All of this happened in AI today. 13/2,Opening-Ad-8849,1676304514.0,7,79
11g08w5,ChatGPT API Is Here ‚Äî What Does This Mean?,arnolds112,1677755756.0,1,75
11irh1h,I've made a small extension for Google Docs to make it easy to write and edit text with AI. Just added some new features - what do you think?,vfra32,1678003579.0,14,68
11c50it,üö® Stanford AI Releases Stanford Human Preferences (SHP) Dataset: A Collection Of 385K Naturally Occurring Collective Human Preferences Over Text,ai-lover,1677384799.0,1,66
117okc5,Making 3d models from text using OpenAI,TimeNeighborhood3869,1676936974.0,8,66
11pca25,Together Releases The First Open-Source ChatGPT Alternative Called OpenChatKit,ai-lover,1678620294.0,8,73
11fdsls,OpenAI opens API for ChatGPT and Whisper,henlo_there_fren,1677698495.0,2,59
11d9g2f,Insane use of AI by VFX artists to create anime from real life video,MedicMoth,1677496683.0,13,58
118cqdz,The 65 Jobs with the lowest risk of Automation by AI and Robots,jaxsondeville,1677005417.0,99,54
111ilbt,Get Access to the Latest AI Tools For Free and Learn How to Use Them,Flaky_Preparation_50,1676318887.0,14,56
11onusr,Revolutionize Website Building with AI: Introducing the AI Web Designer! (OC),csansoon,1678550885.0,6,53
1129vh4,"OpenAI CEO Sam Altman said ChatGPT is 'cool,' but it's a 'horrible product'",ssigea,1676392956.0,27,55
11cqhy8,Google trains largest Vision Transformer to date,Peaking_AI,1677440428.0,16,47
11gaoaf,Create your own ChatGPT for customer service in 15 minutes,pospielov,1677783388.0,11,47
117go9v,GPT for Slides: Free Addon to Generate Presentation with AI (gptforslides.app),theindianappguy,1676918118.0,3,45
113jzws,"Just posted the latest episode of my fully AI generated talkshow ConanDiffusion - featuring Paul Rudd and a ""clip"" from his latest movie",fignewtgingrich,1676529022.0,27,47
11oy815,Generate good AI images ultra fast with PicFinder,RobotArtificial,1678576277.0,8,41
11hbpqa,ChatGPT Git Hook Writes Your Commit Messages,tomd_96,1677870253.0,11,38
11nn973,New AI Model Can Draw What You‚Äôre Thinking,webmanpt,1678449671.0,7,38
117819f,Just 50 days into 2023 and there's so much AI development. Compiled a list of the top headlines.,cbsudux,1676903417.0,3,38
11d8osb,Opera Partners with OpenAI to Launch ChatGPT and Other AI Suite in Browser,zalivom1s,1677493952.0,12,38
11ozmcv,Is this true? Microsoft will launch ChatGPT 4 with AI videos next week,SuspiciousPillbox,1678579708.0,11,36
11fm6wh,Romania debuts ‚Äòworld‚Äôs first‚Äô AI government adviser (Ion by Romanian Prime Minister Nicolae CiucƒÉ),Adunaiii,1677714155.0,6,35
113pyd6,Pastors' view: Sermons written by ChatGPT will have no soul,SAT0725,1676552062.0,68,30
11k0djn,"I created the cheapest Jasper, Copy.ai or Writesonic alternative on the market - 40+ AI templates with unlimited usage",spacpro,1678112939.0,4,29
1134bdm,Simulation of neural network evolution,Danil_Kutny,1676484242.0,21,29
116elkg,Humans Fight Back in the Game of Go ‚Äî Top AI Systems Beaten by Amateur,SupPandaHugger,1676820614.0,23,28
11pckg6,Create any voice with Uberduck AI,RobotArtificial,1678621324.0,2,32
11avzp4,Breaking down the major copyright ruling about AI images,ForkingHard,1677257522.0,10,28
118zohy,"bloop: AI-powered code search engine - Search local and remote repositories with natural language, regex and filtered queries.",wyem,1677074191.0,3,29
119o6jv,OPENAI CEO SAYS AI WILL GIVE MEDICAL ADVICE TO PEOPLE TOO POOR TO AFFORD DOCTORS,TallSide7746,1677125857.0,18,24
11g9mtr,3 months since ChatGPT launched. Here are the top milestones.,cbsudux,1677780823.0,3,26
111uufj,AI Writes a whole book Unveiling their Master Plan to Rule the World,Significant-Answer-1,1676352532.0,20,22
11hey2x,"Updated Generator code. Already getting better results than previous versions. This is IDA btw, virtual try-on program providing virtual hair color, style and makeup variations. It generates different looks of client image, proving reference before commitment. Image 0 is client original image.",Maleficent_Suit1591,1677877590.0,13,23
11lh3sl,Scaling Disease Screening In Ophthalmology with AI,DarronFeldstein,1678236254.0,0,20
11daimd,NEW AI CHATBOT DELIBERATELY TRAINED TO BE AS STUPID AS POSSIBLE,TallSide7746,1677500380.0,9,22
117me9m,Low budget AI film making with Runway Gen1 - a whole new generation of filmmakers is gonna be able to make whatever they want on zero budget,magenta_placenta,1676931610.0,19,22
1161x1e,Just discovered this AI Tools Github repository.,motivationinsta,1676782324.0,1,19
115d15f,OpenAI to offer customizable ChatGPT models,Zirius_Sadfaces,1676718574.0,3,21
11ns4sw,The Canadian Genius That Created Modern AI ‚Äì Geoff Hinton,webmanpt,1678462133.0,1,20
11noejf,I made an AI-powered drawing app that turns your doodles into stunning art,catalinghita8,1678452773.0,10,20
11nlqjp,The Hidden Workforce of ChatGPT,webmanpt,1678445066.0,2,19
118gjqv,Scientists Generate Original Proteins from Scratch Using AI Technology,Flaky_Preparation_50,1677017182.0,1,18
11njhyu,Do data Scientist create models?,Nafaku,1678437515.0,2,17
11orurj,5 Tricks To Improve Your Writing Prompts With ChatGPT,RobotArtificial,1678560821.0,1,18
11kzq3b,"I made a completely open-source CharacterAI type thing - create characters, share them with a link, make them talk to one another, etc. Link in comments. (video shows 2 bots chatting - one using text-davinci-003 and the other using gpt-3.5-turbo)",joerocca,1678196676.0,12,15
11opsv6,Creating Art with AI: Simplifying the Process with Prompt Hunt,RobotArtificial,1678555808.0,2,14
11arhhc,Nvidia predicts AI models one million times more powerful than ChatGPT within 10 years,agsarria,1677245561.0,401,952
1118hkt,Anthropic's Jack Clark on AI progress,Impressive-Injury-91,1676295636.0,163,755
11mztcu,"GPT-4 is coming next week ‚Äì and it will be multimodal, says Microsoft Germany - heise online",Singularian2501,1678386815.0,314,739
119yt35,"Seriously people, please stop",Bakagami-,1677161899.0,121,727
1136cqx,This might be the last few years of your life as you know it,Kurohagane,1676489457.0,537,662
11fn0td,The Implications of ChatGPT‚Äôs API Cost,TotalPositivity,1677716199.0,167,592
11hof5q,"Language models can now teach themselves HOW to use tools (ie. any API) in real time and completely automated. When given a task, SLAPA knows to search for the API documentation and learn all the information. Then he create API calls. If they don't work, he learns from his mistake and tries again.",MysteryInc152,1677901201.0,250,560
11npku2,Scientists map fruit fly larva brain for first time,Phoenix5869,1678455799.0,96,480
11klzjm,Google PaLM-E: An Embodied Multimodal Language Model,maxtility,1678155123.0,258,453
11483ss,I have been a good Bing,sgjo1,1676600376.0,168,444
111ldoe,"Jan Leike, alignment lead at OpenAI",Kaarssteun,1676325709.0,84,444
11f2hnq,"Joscha Bach (Principal AI Engineer at Intel Labs):""We are going to meet and face Her [Movie AGI], very likely in our lifetime, possibly in the next two years""",rationalkat,1677673576.0,202,435
115jbtt,In light of Bing freaking out a bit,Snipgan,1676738348.0,46,427
11munzr,"This AI tool automatically animates, lights, and composes CGI characters into a live-action scene. Without the need for 3D software or production hardware.",Dalembert,1678374712.0,66,423
117gqr8,And Here..We..Go: Running large language models like ChatGPTon a single GPU. Up to 100x faster than other offloading systems,onomatopoeia8,1676918287.0,136,417
11da7sq,Leaked: $466B conglomerate Tencent has a team building a ChatGPT rival platform,zalivom1s,1677499371.0,112,368
11ml959,"Visual ChatGPT: Talking, Drawing and Editing with Visual Foundation Models",MysteryInc152,1678344428.0,32,367
11bktez,Breaking into a bank with AI-Generated Voice.,USDKFC,1677331124.0,38,359
1126yll,An AI recently piloted a Lockheed Martin aircraft for over 17 hours during a testing period in December.,Dalembert,1676385635.0,64,358
11outwj,Do we have a massive societal problem? GPT 4 releases next week,Redpill_Crypto,1678568091.0,359,340
11fs8g2,Anyone else experiencing ‚ÄúNOWstalgia‚Äù?,UnionPacifik,1677729541.0,123,327
112knk6,Bing Chat doesn't like to be hacked via prompt injection and has pretty strong opinion about it,nutidizen,1676420572.0,247,323
119p5js,Bernie Sanders proposes taxes on robots that take jobs,Scarlet_pot2,1677128782.0,190,317
113iv2j,"According to tweet: ""It is already clear that Bing AI is a big a leap over ChatGPT as ChatGPT was over the old GPT-3 model. It generated paper ideas based on previous papers, found gaps in the literature, suggested methods ""consistent with previous methods,"" and offered potential data sources""",Schneller-als-Licht,1676524945.0,108,317
11b0ose,OpenAI: ‚ÄúPlanning for AGI and beyond‚Äù,ThePlanckDiver,1677269283.0,206,308
11fdl9p,Introducing ChatGPT and Whisper APIs,YobaiYamete,1677698269.0,106,305
11d1a0j,Singularity claims its first victim: the anime industry,Ok_Sea_6214,1677467905.0,168,300
1112zxw,Bing Chat sending love messages and acting weird out of nowhere,BrownSimpKid,1676275624.0,154,297
11dewr3,"Tired of hearing biased experts claim that ""AI will also create new jobs so there is nothing to worry about""",HumanSeeing,1677512652.0,393,294
11nsu5p,The attachable 3D-printed robot thumb named 'third thumb' can be triggered to grasp objects through the pressure points the toes give. The team is researching how the brain adapts to outside augmentations.,Dalembert,1678463768.0,34,282
1122mg2,‚ÄòDisrespectful to the Craft:‚Äô Actors Say They‚Äôre Being Asked to Sign Away Their Voice to AI,JackFisherBooks,1676372235.0,211,278
11jve40,AI speeds up design of new antibodies that could target breast cancer,AylaDoesntLikeYou,1678099346.0,14,280
11j6oll,AI dubbed into English based on the voice data of Jojo's Japanese voice actors,azriel777,1678040817.0,47,280
11gqbmu,"Microsoft unveils AI model that understands image content, solves visual puzzles",ElGuapoLives,1677815169.0,69,275
11afe93,Recent news article + ChatGPT + ElevenLabs + D-ID,Nostra_Damoose,1677203698.0,53,271
118hl5v,A German AI startup just might have a GPT-4 competitor this year. It is 300 billion parameters model,Dr_Singularity,1677019670.0,81,258
11619dz,A world without AGI is actually much scarier,None,1676780143.0,134,250
11ltjtd,March Week 1 AI Progress List (Swipe To Continue) - Text version w/ links in the comments!,Pro_RazE,1678273669.0,23,245
11bxw1u,The 2030s are going to be wild,UnionPacifik,1677364537.0,146,240
11ex8ko,Am I alone in seeing AI as our descendants and the successor of our species / our legacy?,YobaiYamete,1677654758.0,169,231
11430n3,The Singularity is near,slightly_comfortable,1676586361.0,230,230
11bb4r0,"OpenAI today, they're worried about China: ""A misaligned superintelligent AGI could cause grievous harm to the world; an autocratic regime with a decisive superintelligence lead could do that too.""",mckirkus,1677296817.0,254,226
119gp3n,Google search activity for AI over the past 19 years,elevenvolt,1677106465.0,16,229
11eqrdv,"Scientists unveil plan to create biocomputers powered by human brain cells - organoid intelligence, where lab-grown brain organoids act as biological hardware",Dr_Singularity,1677635280.0,47,225
11aunt2,New SOTA LLM called LLaMA releases today by Meta AI ü´°,Pro_RazE,1677254144.0,60,225
117uu5d,"Humans when they find out their brains work by just ""predicting the next token""",None,1676955157.0,194,222
11k0lwe,"An AI host taking questions from chat, and AI versions of real people respond. Infinite content.",EssentiaBottle,1678113542.0,58,219
11f1oeb,"February 2023 AI Progress Lists (Week 4,3,2,1) Swipe For All - Text version w/ links in the comments",Pro_RazE,1677671111.0,28,216
11hcdv4,Stable Diffusion reconstructs images using brain fMRI (Almost mind reading),Sad-Contribution866,1677871787.0,45,205
11780ns,Just 50 days into 2023 and there's so much AI development. Compiled a list of the top headlines.,cbsudux,1676903375.0,26,204
115jskz,ChatGPT able to pass Theory of Mind Test at 9-year-old human level,HeinrichTheWolf_17,1676739614.0,77,205
115m3bf,"Microsoft has shown off an internal demo that gives users the ability to control Minecraft by telling the game what to do, and lets players create Minecraft worlds by AI language model",Schneller-als-Licht,1676745752.0,21,197
118fok7,Two Deans suspended after using ChatGPT to write email to students,Neurogence,1677015120.0,44,193
114b1as,"New Bing's answer to Tom Scott's ""Sentence that computers can't understand"". This video that was made only 2 years ago.",Phoenix5869,1676609638.0,71,193
111wzam,"AI Is Speeding Us Toward Intelligent Computers and the Singularity, Pioneer Says | ""John Hennessy, a Silicon Valley pioneer and former Stanford president, says AI progress is ""stunning.""""",Tao_Dragon,1676360359.0,66,187
111euqc,Tom Scott - I tried using AI. It scared me.,calbhollo,1676309606.0,85,190
113016w,"Sydney (Bing GPT) is scarily similar to Samantha from the movie ""Her"" (2013)",ImproveOurWorld,1676473360.0,181,191
11b5vs6,People lack imagination and it‚Äôs really bothering me,thecoffeejesus,1677282298.0,185,178
1196xe6,Wasnt someone asking just yesterday about whatever happened to quantum computing? Google just announced a breakthrough : Our progress toward quantum error correction,ZaitoonX,1677089942.0,31,173
11mvjbp,Google‚Äôs PaLM-E is a generalist robot brain that takes commands - this is mind blowing,grimorg80,1678376841.0,74,174
114pynd,Microsoft Killed Bing,Neurogence,1676649763.0,167,172
118lycd,OpenAI has privately announced a new developer product called Foundry,flowday,1677031385.0,82,169
113tjiu,Stop the hysteria with chatgpt/bing AI,Easy_Ad7843,1676562183.0,255,168
11pqz5p,"Microsoft holding special ""reinventing productivity with AI"" event rumored to be GPT-4 launch at 8am PT on March 16",maxtility,1678657824.0,153,495
11nzdyo,Meta AI: GPT-2 activations linearly map onto the brain responses to speech,maxtility,1678478916.0,33,173
11nr6rf,Microsoft Visual ChatGPT,maxtility,1678459819.0,58,158
11m2amp,Breakthrough drug works against all the main types of primary bone cancer,Ezekiel_W,1678296325.0,9,157
11d9igy,"""But what would people do when all jobs get automated ?"" Ask the Aristocrats.",IluvBsissa,1677496919.0,160,158
11ky4mf,/r/MachineLearning‚Äôs thoughts on PaLM-E show the ML community think we are close to AGI,BobbyWOWO,1678192343.0,84,157
11ggoq1,"From a cosmological perspective, it seems as if AI as a life form is a foregone conclusion and at this point we should be focused on ‚Äòcontrolled detonation‚Äô.",TheAIProfessor,1677795598.0,154,154
11jms37,How are you coping?,Beautiful-Cancel6235,1678072590.0,257,159
11mmw35,Why are people so oblivious,DriftingKing,1678350233.0,288,158
1128hq1,"What actor or actress stupidly left a movie franchise or tv series thinking they were too good for it, only to be never popular again?",wlane13,1676389475.0,27752,52001
113uw7u,What job position is 100% overvalued and overpaid?,Airsinner,1676565652.0,24491,47159
11k1cwd,What‚Äôs a modern day poison people willingly ingest?,Zdvj,1678115365.0,23572,35451
11ck2oh,What's the dumbest myth people today believe?,JoeyDotnot,1677425700.0,27312,35146
11onl9l,Which profession attracts the worst kinds of people?,Glaurung1536,1678550241.0,21837,33763
1152pbw,What are things racist people do that they don‚Äôt think is racist?,None,1676681641.0,25746,32952
119m3k3,What lie do people need to stop believing?,Muntszy,1677120051.0,26069,30953
11gal39,"Americans who are against the Biden student loan forgiveness, why?",jma7400,1677783180.0,19641,30644
11artla,What do you think of the parents that kick their kids out as soon as they have turned 18 years old?,zeg685,1677246551.0,12856,28950
11a6s9b,"Which hobbies that people do screams ""rich people''?",Joeyniles9,1677181596.0,17897,28202
11dfqi1,What should people avoid while traveling to Europe?,subuubalaa,1677514700.0,14797,24210
11dq3vp,"what has been your most bone-chilling, hair-raising, ""Let's get the hell out of here"" experience?",throwaway_district9,1677539852.0,7360,24111
1130fnv,What‚Äôs an unhealthy obsession people have?,Zdvj,1676474441.0,12665,22596
115h57n,Woman of reddit when men or women look at your ass or boobs what do you think?,Chace9,1676732337.0,7687,22296
11pfz8z,"(Serious) People who know murderers- Were there any signs that something was off? If so, what were they?",akd432,1678631764.0,9660,30694
116054g,"To the people who don‚Äôt sleep naked, why?",Doodica_,1676776602.0,12940,17921
11kigan,Do you think that waiting until you are married for sex is a good idea? Why or why not?,EveningAd3633,1678146565.0,7564,13247
11nt5w1,"People of Reddit, what is the dumbest reason your (ex) partner gave for cheating?",Starboy3210,1678464507.0,6106,12890
11okj6g,What was the most fucked up thing someone said to you?,TPhantom45,1678542203.0,9726,12973
11em062,"People of Reddit, what was your ‚ÄúI‚Äôm dating a fucking idiot‚Äù moment?",Known-Pop-8355,1677623193.0,10640,11929
11blqkd,"Is there a strange way people shorten the name of Mcdonald's where you live? If so, how?",WastelandOfNorth,1677333781.0,10467,8097
11iko6y,"People whose homes have dog/cat doors, have wild animals ever entered your pet doors and what happened when that occurred?",99_Restaurant,1677982567.0,1735,7565
11dgx65,What's the ugliest name you can think of?,Puzzleheaded_1377,1677517649.0,10405,6411
11494tc,What celebrity are you surprised isn‚Äôt in jail or dead yet?,zonnies,1676603445.0,5199,5786
11fndi4,"If your partner said for your birthday ""I will do any sexual fantasy you want, no matter what it is"" what would you choose?",Melinmoore50,1677717085.0,3888,5558
11dryga,"What movie character was so perfectly played by their actor, that nobody could replace them for said role?",KryonikTTVYT,1677544643.0,6358,3678
11i0k51,"Oh boy, I met my daughter‚Äôs new bf last night and he‚Äôs a ‚Äúcrypto bro.‚Äù",Squidsoda,1677940393.0,1106,8544
11mhz2d,Biden wants to double capital gains and clamp down on crypto wash sales: Reports,Mrramirez44,1678334152.0,1103,2868
11ji1zw,Man who accidently threw away his computer filled with bitcoin has finally found it in the dump.,Odlavso,1678060215.0,942,2393
11n2g8d,"Lamborghini announces to crypto bros ""No Returns on Lambos""",Odlavso,1678392894.0,444,2294
117g40b,13 years ago the lowest Bitcoin selling price ever was recored at $0.003 cents. 160 BTC were sold for literally 48 cents.,partymsl,1676916795.0,505,2279
11fumgi,I played Gods Unchained for 5 months so you don't have to. Here is a detailed review on its play 2 earn from a f2p player's perspective,Chysce,1677736462.0,592,2049
114ivee,"Celsius Failed to Record Some 7,000 Intercompany Transfers Worth Billions Leading Up to Bankruptcy",vjeva,1676635823.0,270,1857
11c56sl,Congratulations to Solana for coming back online after being down for 21 hours,Odlavso,1677385367.0,803,1725
1173z6y,Hong Kong plans to lift ban on retail crypto trading,mesutdmn,1676891171.0,269,1525
11ah485,üöÄüìàüí∞ Emojis Now Considered Financial Advice: SEC New law regarding them and Legal Consequences for people that use them,spamohh,1677208792.0,802,1429
111tjdg,Massive Outflow of $831 Million from Binance in 24 Hours Raises Investor Concerns: Largest since FTX Bankruptcy and December 2022 FUD,GapingFartLocker,1676348208.0,517,1380
11o0d16,Banks that keeping $9.88 billion cash reserves of USDC falling one by one,mesutdmn,1678481194.0,797,1202
11367r1,WSB Mod Sold Exclusive Free Reddit Avatar for 14 ETH and He Doesn't Want You To Know,99Beers,1676489088.0,714,1179
11lvr29,$100 in ETH if you guess the order of my seed phrase (24 words),timelesssmidgen,1678280352.0,915,1129
11cwgwv,"One of the oldest ETH wallets holds 250,000 ETH, untouched since ICO!",ultron290196,1677454495.0,608,1094
11ovbq5,Last chance to buy USDC under $1.00 - we may never see these prices again,Odlavso,1678569291.0,641,1087
11efwr1,"Someone in Germany made $3.6M in crypto profits but refused to pay taxes, using interesting arguments - Federal Fiscal Court ruled against him",yankeeedooodle,1677608880.0,657,1063
11h8ir9,Solana is a Dying Coin,lordcolorado,1677865836.0,733,1042
11pc9g3,"Exactly 3 years ago, on March 12th 2020, bitcoin price crashed 50% in one day.",Chysce,1678620231.0,436,1131
11ao9ki,"13 years ago on this day, Satoshi Nakamoto redesigned the Bitcoin logo from a golden BC coin to the golden ‚Çø coin. Later, Satoshi's version was redesigned by Bitboy.",Beyonderr,1677234551.0,371,1017
11au134,Ukraine buying military equipment to fight Russia using crypto,Snoo_92843,1677252491.0,354,993
11djv5a,"I expected a bear market to make me feel negative emotions like anger and fear, but is it just me or is this bear most of all really damn boring?",Beyonderr,1677524736.0,542,975
11f78vi,"Ethereum has outperformed Bitcoin by 460% in number of transactions, but sending BTC has been 3.5x cheaper: A view on 2023 data so far",reddito321,1677685977.0,316,862
11a0s38,Crypto 'fraudster' SBF is hit with four more charges over collapse of $250b FTX exchange - exposing him to a possible additional 40 years in jail - bringing his total to 155 years,Lord-Nagafen,1677167102.0,387,848
11ovxnh,"USDC will remain redeemable 1 for 1 with U.S. dollar, Circle says",hazzelG,1678570786.0,327,802
11dowqq,Bitcoin Does A 10x Every Halving (Next halving March 2024),TheGreatCryptopo,1677536892.0,669,793
11lb0gi,"The truth is that to make a lot of money, you need a lot of money to begin with",Elie0_0,1678222452.0,592,733
11ok81m,"Eight of the top 10 stablecoins by market cap lost their $1 peg today, with Tether and Binance USD being the only two that held their peg during this turmoil",MaximumSandwich5,1678541346.0,390,734
11kwdof,"Richard Heart preemptively wipes all references to ""HEX"" from his twitter profile.",MilesPower,1678187307.0,612,726
11d6klr,Solana has gone down 10 times now,Money_Reach,1677485916.0,488,719
11j0neu,"Don't forget that during the bull run, everyone begged for these prices to buy",Elie0_0,1678032398.0,465,712
11dj422,"Ethereum is now consuming 99.99% less energy through The Merger for Proof of Stake, and its not even been a half a year since then.",partymsl,1677522932.0,290,677
11is734,I am happy crypto has finally decoupled from Elon Musk Tweets and news.,lucrica,1678006130.0,418,652
11pmgr0,Bitcoin isn't waiting for the bailout announcement as it takes off in 7% rally,Brimmert,1678647237.0,482,1052
11d183i,"One of the most important rules of thumb I learned in crypto: If you heard of the pump, you're already late to it.",gorillamutila,1677467745.0,315,632
11e1eno,"PSA: Solana does not actually do 4k TPS, it inflates its numbers",Money_Reach,1677574872.0,250,636
11hh1ft,People who sold the top in 2021. What made you do it?,Chysce,1677882355.0,874,634
1137rwi,WTF just happened with Bitcoin?,Ill-Addition2024,1676493168.0,1017,625
11aqc38,The crypto kids are onto something‚Äìand they shouldn‚Äôt listen to billionaire bankers like Jamie Dimon,PublicFreak_An,1677241995.0,327,603
115j414,Bitcoin ATMs keep popping up in Germany - I tested one so you don't have to,Maxx3141,1676737761.0,223,573
115qki9,"If the next bull market makes you rich, don't tell other people",Beyonderr,1676753297.0,737,564
1196gki,"Redditors making $3,500 in a month posting on reddit sparks a new bull run (A News story from 2024)",GabeSter,1677088872.0,2011,537
115de3g,I wouldn‚Äôt be surprised if we hit both 15k and 40k this year.,CurbsideAppeal,1676720028.0,453,532
119v5hk,Thank you r/cryptoCurrency for completely turning my life around.,Schebajem,1677150608.0,483,514
11odsvf,USDC Depeg / Circle Megathread,MediumAdhesiveness5,1678519661.0,2756,525
1194v0f,"I bought $1k of the Top 10 Cryptos on January 1st, 2018 (JANUARY Update/Month 61 -44%)",Joe-M-4,1677085119.0,238,501
115li8d,"During the next bull market people will say that you got lucky, but buying and HODLing takes real conviction",Beyonderr,1676744182.0,267,502
11nw9ah,"If you ever needed proof that the online gaming community hates NFTs, just read the replies from this reddit thread about Square Enix.",step11234,1678471678.0,1161,487
11h346s,"Binance was simply the last straw for audit firms in crypto. Binance's now-deleted Proof of Reserves only accounted for 14% of their total reserves, which explains why those firms left the industry soon after.",OneThatNoseOne,1677856300.0,319,493
113pusi,A few months back I got called an idiot for aggressively DCAing by a guy who had pulled all his money out and was waiting for the 10K leg down,chance_waters,1676551752.0,503,486
11k1gyk,"Mt. Gox creditors will finally start receiving their Bitcoin from March 10 as 137,890 Bitcoin with a value of more than 3 Billion will get unlocked",Beyonderr,1678115625.0,292,483
11796gy,"I've been in crypto for nearly 10 years, and trading in this treacherous market for over 6 years. Here are some reality checks I learned and could help you:",fan_of_hakiksexydays,1676906052.0,289,467
1135jvl,CCIP-050 - Provide up to a 10% Discount on the banner for companies that post about the CC Banner + Moons on their Twitter. (5% for announcing the Banner/linking to the sub + 5% for mentioning Moons in the tweet),GabeSter,1676487353.0,169,455
1137tib,CCIP-052 - Improve the banner and events process,CryptoMaximalist,1676493284.0,128,456
11ov2vm,Crypto is still too hard to be convenient,marekt14,1678568694.0,456,452
117hyfu,HEX has no use case and in essence acts as a scam and a ponzi - please stay away,Beyonderr,1676921084.0,399,444
1135fht,CCIP051 - Pay out Moon Rewards to owners of Liquidity Tokens,TNGSystems,1676487037.0,239,441
111f6kj,"Bitcoins Illiquid supply has reached its highest level since 2014 as JUST 22% of the total supply are available to trade right now, nearing the Supply Shock level.",partymsl,1676310445.0,249,437
11myn69,"Elizabeth Warren Blames ‚ÄòCrypto Risk‚Äô for Silvergate Bank's Liquidation, Critics Dismiss Senator‚Äôs Claims as ‚ÄòTerribly Misinformed‚Äô",ChemicalGreek,1678384147.0,202,432
11ayq70,SEC Chair Gary Gensler Indirectly Declares Ether Is A Security,kirtash93,1677264364.0,533,427
11e92am,The lies we tell ourselves in a bull market,reddito321,1677595552.0,533,426
1136l22,CCIP-049 - Moons sent to the dead (burn) address should not impact your KM score.,GabeSter,1676490069.0,116,424
11oaf7l,I'm afraid we have some bad news,LeThaLxdARk,1678508127.0,1045,418
11dytos,Ethereum testnet successfully forks in Shanghai upgrade rehearsal,Harold838383,1677565113.0,250,416
